TestCase,Test Case,Description,operationsCount,ScenarioOutput,bng_group_id,vpn_id,first_bng_name,second_bng_name,event,Dependency On,RMQ_Publish_RequestType,RMQ_Publish_EndPoint,RMQ_Publish_RequestBody,RMQ_Publish_callback_RequestBody,RMQ_Publish_ResponseCode,RMQ_Read_RequestType,RMQ_Read_EndPoint,RMQ_Read_RequestBody,RMQ_Read_ResponseCode,cs_portal_Queue,cs_portal_test_Queue,orchestrator_Queue,orchestrator_test_Queue,l2_topology_Queue,l2_topology_test_Queue,bng_controller_Queue,bng_controller_test_Queue,evpn_controller_Queue,evpn_controller_test_Queue,published_callback_value,type
1,Lock BNG l2-resources(success),Completed,,,,,EDTNABTFNG00,EDTNABTFNG001,,None,POST,/api/exchanges/%2F/consumer_rabbit_exchange/publish,{}.json,{}.json,200,POST,/api/queues/%2F/{}/get,read_rmq.json,200,cs_portal_queue,cs_portal_queue_test,cs_orchestrator_queue,cs_orchestrator_queue_test,l2_topology_engine_queue,l2_topology_engine_queue_test,bng_svc_controller_queue,bng_svc_controller_queue_test,evpn_svc_controller_queue,evpn_svc_controller_queue_test,bng-svc-controller/resource-locking/bng/callback,LOCK
2,Lock BNG l2-resources(failed),Completed,,,,,EDTNABTFNG00,EDTNABTFNG001,,None,POST,/api/exchanges/%2F/consumer_rabbit_exchange/publish,{}.json,{}.json,200,POST,/api/queues/%2F/{}/get,read_rmq.json,200,cs_portal_queue,cs_portal_queue_test,cs_orchestrator_queue,cs_orchestrator_queue_test,l2_topology_engine_queue,l2_topology_engine_queue_test,bng_svc_controller_queue,bng_svc_controller_queue_test,evpn_svc_controller_queue,evpn_svc_controller_queue_test,bng-svc-controller/resource-locking/bng/callback,LOCK
3,Unlock BNG l2-resources(success),Completed,,,,,EDTNABTFNG00,EDTNABTFNG001,,None,POST,/api/exchanges/%2F/consumer_rabbit_exchange/publish,{}.json,{}.json,200,POST,/api/queues/%2F/{}/get,read_rmq.json,200,cs_portal_queue,cs_portal_queue_test,cs_orchestrator_queue,cs_orchestrator_queue_test,l2_topology_engine_queue,l2_topology_engine_queue_test,bng_svc_controller_queue,bng_svc_controller_queue_test,evpn_svc_controller_queue,evpn_svc_controller_queue_test,bng-svc-controller/resource-locking/bng/callback,UNLOCK
4,Unlock BNG l2-resources(failed),Completed,,,,,EDTNABTFNG00,EDTNABTFNG001,,None,POST,/api/exchanges/%2F/consumer_rabbit_exchange/publish,{}.json,{}.json,200,POST,/api/queues/%2F/{}/get,read_rmq.json,200,cs_portal_queue,cs_portal_queue_test,cs_orchestrator_queue,cs_orchestrator_queue_test,l2_topology_engine_queue,l2_topology_engine_queue_test,bng_svc_controller_queue,bng_svc_controller_queue_test,evpn_svc_controller_queue,evpn_svc_controller_queue_test,bng-svc-controller/resource-locking/bng/callback,UNLOCK
5,Validate BNG L2 resources success,Completed,,,,,EDTNABTFNG00,EDTNABTFNG001,,None,POST,/api/exchanges/%2F/consumer_rabbit_exchange/publish,{}.json,{}.json,200,POST,/api/queues/%2F/{}/get,read_rmq.json,200,cs_portal_queue,cs_portal_queue_test,cs_orchestrator_queue,cs_orchestrator_queue_test,l2_topology_engine_queue,l2_topology_engine_queue_test,bng_svc_controller_queue,bng_svc_controller_queue_test,evpn_svc_controller_queue,evpn_svc_controller_queue_test,bng-svc-controller/resource-locking/bng/callback,UNLOCK
6,Validate BNG L2 resources failed,Completed,,,,,EDTNABTFNG00,EDTNABTFNG001,,None,POST,/api/exchanges/%2F/consumer_rabbit_exchange/publish,{}.json,{}.json,200,POST,/api/queues/%2F/{}/get,read_rmq.json,200,cs_portal_queue,cs_portal_queue_test,cs_orchestrator_queue,cs_orchestrator_queue_test,l2_topology_engine_queue,l2_topology_engine_queue_test,bng_svc_controller_queue,bng_svc_controller_queue_test,evpn_svc_controller_queue,evpn_svc_controller_queue_test,,
7,Create BNG Dry run,Completed,,,EDTNABTFNG00-EDTNABTFNG001,,EDTNABTFNG00,EDTNABTFNG001,,None,POST,/api/exchanges/%2F/consumer_rabbit_exchange/publish,{}.json,{}.json,200,POST,/api/queues/%2F/{}/get,read_rmq.json,200,cs_portal_queue,cs_portal_queue_test,cs_orchestrator_queue,cs_orchestrator_queue_test,l2_topology_engine_queue,l2_topology_engine_queue_test,bng_svc_controller_queue,bng_svc_controller_queue_test,evpn_svc_controller_queue,evpn_svc_controller_queue_test,,
8,Create BNG Dry run- Failed,Completed,,,EDTNABTFNG00-EDTNABTFNG00440,,EDTNABTFNG00,EDTNABTFNG001,,None,POST,/api/exchanges/%2F/consumer_rabbit_exchange/publish,{}.json,{}.json,200,POST,/api/queues/%2F/{}/get,read_rmq.json,200,cs_portal_queue,cs_portal_queue_test,cs_orchestrator_queue,cs_orchestrator_queue_test,l2_topology_engine_queue,l2_topology_engine_queue_test,bng_svc_controller_queue,bng_svc_controller_queue_test,evpn_svc_controller_queue,evpn_svc_controller_queue_test,,
9,Commit bng dry run - success,Completed,,,EDTNABTFNG00-EDTNABTFNG001,,EDTNABTFNG00,EDTNABTFNG001,,None,POST,/api/exchanges/%2F/consumer_rabbit_exchange/publish,{}.json,{}.json,200,POST,/api/queues/%2F/{}/get,read_rmq.json,200,cs_portal_queue,cs_portal_queue_test,cs_orchestrator_queue,cs_orchestrator_queue_test,l2_topology_engine_queue,l2_topology_engine_queue_test,bng_svc_controller_queue,bng_svc_controller_queue_test,evpn_svc_controller_queue,evpn_svc_controller_queue_test,bng-svc-controller/unlock-bngs/callback,UNLOCK
10,Commit create bng dry run request- failed,Completed,,,EDTNABTFNG00-EDTNABTFNG007,,EDTNABTFNG00,EDTNABTFNG001,,None,POST,/api/exchanges/%2F/consumer_rabbit_exchange/publish,{}.json,{}.json,200,POST,/api/queues/%2F/{}/get,read_rmq.json,200,cs_portal_queue,cs_portal_queue_test,cs_orchestrator_queue,cs_orchestrator_queue_test,l2_topology_engine_queue,l2_topology_engine_queue_test,bng_svc_controller_queue,bng_svc_controller_queue_test,evpn_svc_controller_queue,evpn_svc_controller_queue_test,bng-svc-controller/unlock-bngs/callback,UNLOCK
11,Create L3VPN dry run - Success,Completed,,,EDTNABTFNG00-EDTNABTFNG001,,EDTNABTFNG00,EDTNABTFNG001,,None,POST,/api/exchanges/%2F/consumer_rabbit_exchange/publish,{}.json,{}.json,200,POST,/api/queues/%2F/{}/get,read_rmq.json,200,cs_portal_queue,cs_portal_queue_test,cs_orchestrator_queue,cs_orchestrator_queue_test,l2_topology_engine_queue,l2_topology_engine_queue_test,bng_svc_controller_queue,bng_svc_controller_queue_test,evpn_svc_controller_queue,evpn_svc_controller_queue_test,,
12,Create L3VPN dry run - Failed,Completed,,,EDTNABTFNG22-EDTNABTFNG222,,EDTNABTFNG00,EDTNABTFNG001,,None,POST,/api/exchanges/%2F/consumer_rabbit_exchange/publish,{}.json,{}.json,200,POST,/api/queues/%2F/{}/get,read_rmq.json,200,cs_portal_queue,cs_portal_queue_test,cs_orchestrator_queue,cs_orchestrator_queue_test,l2_topology_engine_queue,l2_topology_engine_queue_test,bng_svc_controller_queue,bng_svc_controller_queue_test,evpn_svc_controller_queue,evpn_svc_controller_queue_test,,
13,Commit L3VPN - Success,Completed,,,EDTNABTFNG00-EDTNABTFNG001,,EDTNABTFNG00,EDTNABTFNG001,,None,POST,/api/exchanges/%2F/consumer_rabbit_exchange/publish,{}.json,{}.json,200,POST,/api/queues/%2F/{}/get,read_rmq.json,200,cs_portal_queue,cs_portal_queue_test,cs_orchestrator_queue,cs_orchestrator_queue_test,l2_topology_engine_queue,l2_topology_engine_queue_test,bng_svc_controller_queue,bng_svc_controller_queue_test,evpn_svc_controller_queue,evpn_svc_controller_queue_test,bng-svc-controller/commit/tp-creation/callback,CREATE
14,Create Tp Request sent to topology,Completed,,,EDTNABTFNG00-EDTNABTFNG001,EDTNABTFNG00-EDTNABTFNG001,EDTNABTFNG00,EDTNABTFNG001,,None,POST,/api/exchanges/%2F/consumer_rabbit_exchange/publish,{}.json,{}.json,200,POST,/api/queues/%2F/{}/get,read_rmq.json,200,cs_portal_queue,cs_portal_queue_test,cs_orchestrator_queue,cs_orchestrator_queue_test,l2_topology_engine_queue,l2_topology_engine_queue_test,bng_svc_controller_queue,bng_svc_controller_queue_test,evpn_svc_controller_queue,evpn_svc_controller_queue_test,bng-svc-controller/commit/tp-creation/callback,CREATE
15,Commit L3VPN - Failed,Completed,,,EDTNABTFNG77-EDTNABTFNG777,,EDTNABTFNG00,EDTNABTFNG001,,None,POST,/api/exchanges/%2F/consumer_rabbit_exchange/publish,{}.json,{}.json,200,POST,/api/queues/%2F/{}/get,read_rmq.json,200,cs_portal_queue,cs_portal_queue_test,cs_orchestrator_queue,cs_orchestrator_queue_test,l2_topology_engine_queue,l2_topology_engine_queue_test,bng_svc_controller_queue,bng_svc_controller_queue_test,evpn_svc_controller_queue,evpn_svc_controller_queue_test,,
16,Create Multicast Dry Run- Success,Completed,,,EDTNABTFNG00-EDTNABTFNG001,CMCS_MCAST_L3,EDTNABTFNG00,EDTNABTFNG001,,None,POST,/api/exchanges/%2F/consumer_rabbit_exchange/publish,{}.json,{}.json,200,POST,/api/queues/%2F/{}/get,read_rmq.json,200,cs_portal_queue,cs_portal_queue_test,cs_orchestrator_queue,cs_orchestrator_queue_test,l2_topology_engine_queue,l2_topology_engine_queue_test,bng_svc_controller_queue,bng_svc_controller_queue_test,evpn_svc_controller_queue,evpn_svc_controller_queue_test,,
17,Create Multicast Dry Run- Failed,Completed,,,EDTNABTFNG00-EDTNABTFNG001,CMCS_MCAST_L3,EDTNABTFNG00,EDTNABTFNG001,,None,POST,/api/exchanges/%2F/consumer_rabbit_exchange/publish,{}.json,{}.json,200,POST,/api/queues/%2F/{}/get,read_rmq.json,200,cs_portal_queue,cs_portal_queue_test,cs_orchestrator_queue,cs_orchestrator_queue_test,l2_topology_engine_queue,l2_topology_engine_queue_test,bng_svc_controller_queue,bng_svc_controller_queue_test,evpn_svc_controller_queue,evpn_svc_controller_queue_test,,
18,Create Multicast Commit- Success,Completed,,,EDTNABTFNG00-EDTNABTFNG001,CMCS_MCAST_L3,EDTNABTFNG00,EDTNABTFNG001,,None,POST,/api/exchanges/%2F/consumer_rabbit_exchange/publish,{}.json,{}.json,200,POST,/api/queues/%2F/{}/get,read_rmq.json,200,cs_portal_queue,cs_portal_queue_test,cs_orchestrator_queue,cs_orchestrator_queue_test,l2_topology_engine_queue,l2_topology_engine_queue_test,bng_svc_controller_queue,bng_svc_controller_queue_test,evpn_svc_controller_queue,evpn_svc_controller_queue_test,,
19,Create Multicast Commit- Failed,Completed,,,EDTNABTFNG00-EDTNABTFNG001,CMCS_MCAST_L3,EDTNABTFNG00,EDTNABTFNG001,,None,POST,/api/exchanges/%2F/consumer_rabbit_exchange/publish,{}.json,{}.json,200,POST,/api/queues/%2F/{}/get,read_rmq.json,200,cs_portal_queue,cs_portal_queue_test,cs_orchestrator_queue,cs_orchestrator_queue_test,l2_topology_engine_queue,l2_topology_engine_queue_test,bng_svc_controller_queue,bng_svc_controller_queue_test,evpn_svc_controller_queue,evpn_svc_controller_queue_test,,
20,Patch L3VPN Service - Dry run- Success,Completed,,,EDTNABTFNG00-EDTNABTFNG001,,EDTNABTFNG00,EDTNABTFNG001,,None,POST,/api/exchanges/%2F/consumer_rabbit_exchange/publish,{}.json,{}.json,200,POST,/api/queues/%2F/{}/get,read_rmq.json,200,cs_portal_queue,cs_portal_queue_test,cs_orchestrator_queue,cs_orchestrator_queue_test,l2_topology_engine_queue,l2_topology_engine_queue_test,bng_svc_controller_queue,bng_svc_controller_queue_test,evpn_svc_controller_queue,evpn_svc_controller_queue_test,,
21,NA-Covered in TC_20,Completed,,,,,EDTNABTFNG00,EDTNABTFNG001,,None,POST,/api/exchanges/%2F/consumer_rabbit_exchange/publish,{}.json,{}.json,200,POST,/api/queues/%2F/{}/get,read_rmq.json,200,cs_portal_queue,cs_portal_queue_test,cs_orchestrator_queue,cs_orchestrator_queue_test,l2_topology_engine_queue,l2_topology_engine_queue_test,bng_svc_controller_queue,bng_svc_controller_queue_test,evpn_svc_controller_queue,evpn_svc_controller_queue_test,,
22,Patch L3VPN Service - Dry run- Failed,,,,,,EDTNABTFNG00,EDTNABTFNG001,,None,POST,/api/exchanges/%2F/consumer_rabbit_exchange/publish,{}.json,{}.json,200,POST,/api/queues/%2F/{}/get,read_rmq.json,200,cs_portal_queue,cs_portal_queue_test,cs_orchestrator_queue,cs_orchestrator_queue_test,l2_topology_engine_queue,l2_topology_engine_queue_test,bng_svc_controller_queue,bng_svc_controller_queue_test,evpn_svc_controller_queue,evpn_svc_controller_queue_test,,
23,NA-Covered in TC_22,,,,,,EDTNABTFNG00,EDTNABTFNG001,,None,POST,/api/exchanges/%2F/consumer_rabbit_exchange/publish,{}.json,{}.json,200,POST,/api/queues/%2F/{}/get,read_rmq.json,200,cs_portal_queue,cs_portal_queue_test,cs_orchestrator_queue,cs_orchestrator_queue_test,l2_topology_engine_queue,l2_topology_engine_queue_test,bng_svc_controller_queue,bng_svc_controller_queue_test,evpn_svc_controller_queue,evpn_svc_controller_queue_test,,
24,Commit Patch L3VPN Dry run request - Success,Completed,,,EDTNABTFNG00-EDTNABTFNG001,,EDTNABTFNG00,EDTNABTFNG001,,None,POST,/api/exchanges/%2F/consumer_rabbit_exchange/publish,{}.json,{}.json,200,POST,/api/queues/%2F/{}/get,read_rmq.json,200,cs_portal_queue,cs_portal_queue_test,cs_orchestrator_queue,cs_orchestrator_queue_test,l2_topology_engine_queue,l2_topology_engine_queue_test,bng_svc_controller_queue,bng_svc_controller_queue_test,evpn_svc_controller_queue,evpn_svc_controller_queue_test,,
25,NA-Covered in TC_24,Completed,,,,,EDTNABTFNG00,EDTNABTFNG001,,None,POST,/api/exchanges/%2F/consumer_rabbit_exchange/publish,{}.json,{}.json,200,POST,/api/queues/%2F/{}/get,read_rmq.json,200,cs_portal_queue,cs_portal_queue_test,cs_orchestrator_queue,cs_orchestrator_queue_test,l2_topology_engine_queue,l2_topology_engine_queue_test,bng_svc_controller_queue,bng_svc_controller_queue_test,evpn_svc_controller_queue,evpn_svc_controller_queue_test,,
26,Out of Scope,,,,,,EDTNABTFNG00,EDTNABTFNG001,,None,POST,/api/exchanges/%2F/consumer_rabbit_exchange/publish,{}.json,{}.json,200,POST,/api/queues/%2F/{}/get,read_rmq.json,200,cs_portal_queue,cs_portal_queue_test,cs_orchestrator_queue,cs_orchestrator_queue_test,l2_topology_engine_queue,l2_topology_engine_queue_test,bng_svc_controller_queue,bng_svc_controller_queue_test,evpn_svc_controller_queue,evpn_svc_controller_queue_test,,
27,Patch L3vpn Commit Failed,,,,,,EDTNABTFNG00,EDTNABTFNG001,,None,POST,/api/exchanges/%2F/consumer_rabbit_exchange/publish,{}.json,{}.json,200,POST,/api/queues/%2F/{}/get,read_rmq.json,200,cs_portal_queue,cs_portal_queue_test,cs_orchestrator_queue,cs_orchestrator_queue_test,l2_topology_engine_queue,l2_topology_engine_queue_test,bng_svc_controller_queue,bng_svc_controller_queue_test,evpn_svc_controller_queue,evpn_svc_controller_queue_test,,
28,,,,,,,EDTNABTFNG00,EDTNABTFNG001,,None,POST,/api/exchanges/%2F/consumer_rabbit_exchange/publish,{}.json,{}.json,200,POST,/api/queues/%2F/{}/get,read_rmq.json,200,cs_portal_queue,cs_portal_queue_test,cs_orchestrator_queue,cs_orchestrator_queue_test,l2_topology_engine_queue,l2_topology_engine_queue_test,bng_svc_controller_queue,bng_svc_controller_queue_test,evpn_svc_controller_queue,evpn_svc_controller_queue_test,,
29,,,,,,,EDTNABTFNG00,EDTNABTFNG001,,None,POST,/api/exchanges/%2F/consumer_rabbit_exchange/publish,{}.json,{}.json,200,POST,/api/queues/%2F/{}/get,read_rmq.json,200,cs_portal_queue,cs_portal_queue_test,cs_orchestrator_queue,cs_orchestrator_queue_test,l2_topology_engine_queue,l2_topology_engine_queue_test,bng_svc_controller_queue,bng_svc_controller_queue_test,evpn_svc_controller_queue,evpn_svc_controller_queue_test,,
30,,,,,,,EDTNABTFNG00,EDTNABTFNG001,,None,POST,/api/exchanges/%2F/consumer_rabbit_exchange/publish,{}.json,{}.json,200,POST,/api/queues/%2F/{}/get,read_rmq.json,200,cs_portal_queue,cs_portal_queue_test,cs_orchestrator_queue,cs_orchestrator_queue_test,l2_topology_engine_queue,l2_topology_engine_queue_test,bng_svc_controller_queue,bng_svc_controller_queue_test,evpn_svc_controller_queue,evpn_svc_controller_queue_test,,
31,Patch Multicast dry run and commit - Success,,,,,CMCS_MCAST_L3,EDTNABTFNG00,EDTNABTFNG001,,None,POST,/api/exchanges/%2F/consumer_rabbit_exchange/publish,{}.json,{}.json,200,POST,/api/queues/%2F/{}/get,read_rmq.json,200,cs_portal_queue,cs_portal_queue_test,cs_orchestrator_queue,cs_orchestrator_queue_test,l2_topology_engine_queue,l2_topology_engine_queue_test,bng_svc_controller_queue,bng_svc_controller_queue_test,evpn_svc_controller_queue,evpn_svc_controller_queue_test,,
32,,,,,,,EDTNABTFNG00,EDTNABTFNG001,,None,POST,/api/exchanges/%2F/consumer_rabbit_exchange/publish,{}.json,{}.json,200,POST,/api/queues/%2F/{}/get,read_rmq.json,200,cs_portal_queue,cs_portal_queue_test,cs_orchestrator_queue,cs_orchestrator_queue_test,l2_topology_engine_queue,l2_topology_engine_queue_test,bng_svc_controller_queue,bng_svc_controller_queue_test,evpn_svc_controller_queue,evpn_svc_controller_queue_test,,
33,Decommission OLT - Success,wip,,,,,EDTNABTFNG00,EDTNABTFNG001,,None,POST,/api/exchanges/%2F/consumer_rabbit_exchange/publish,{}.json,{}.json,200,POST,/api/queues/%2F/{}/get,read_rmq.json,200,cs_portal_queue,cs_portal_queue_test,cs_orchestrator_queue,cs_orchestrator_queue_test,l2_topology_engine_queue,l2_topology_engine_queue_test,bng_svc_controller_queue,bng_svc_controller_queue_test,evpn_svc_controller_queue,evpn_svc_controller_queue_test,,
34,Decommission OLT - Failed,,,,,,EDTNABTFNG00,EDTNABTFNG001,,None,POST,/api/exchanges/%2F/consumer_rabbit_exchange/publish,{}.json,{}.json,200,POST,/api/queues/%2F/{}/get,read_rmq.json,200,cs_portal_queue,cs_portal_queue_test,cs_orchestrator_queue,cs_orchestrator_queue_test,l2_topology_engine_queue,l2_topology_engine_queue_test,bng_svc_controller_queue,bng_svc_controller_queue_test,evpn_svc_controller_queue,evpn_svc_controller_queue_test,,
35,NA-Covered in TC_34,,,,,,EDTNABTFNG00,EDTNABTFNG001,,None,POST,/api/exchanges/%2F/consumer_rabbit_exchange/publish,{}.json,{}.json,200,POST,/api/queues/%2F/{}/get,read_rmq.json,200,cs_portal_queue,cs_portal_queue_test,cs_orchestrator_queue,cs_orchestrator_queue_test,l2_topology_engine_queue,l2_topology_engine_queue_test,bng_svc_controller_queue,bng_svc_controller_queue_test,evpn_svc_controller_queue,evpn_svc_controller_queue_test,,
36,Decommission Node from L3 service- success,wip,,,,CMCS_MCAST_L3,EDTNABTFNG00,EDTNABTFNG001,,None,POST,/api/exchanges/%2F/consumer_rabbit_exchange/publish,{}.json,{}.json,200,POST,/api/queues/%2F/{}/get,read_rmq.json,200,cs_portal_queue,cs_portal_queue_test,cs_orchestrator_queue,cs_orchestrator_queue_test,l2_topology_engine_queue,l2_topology_engine_queue_test,bng_svc_controller_queue,bng_svc_controller_queue_test,evpn_svc_controller_queue,evpn_svc_controller_queue_test,,
37,Decommission Node from L3 service- failed,,,,,,EDTNABTFNG00,EDTNABTFNG001,,None,POST,/api/exchanges/%2F/consumer_rabbit_exchange/publish,{}.json,{}.json,200,POST,/api/queues/%2F/{}/get,read_rmq.json,200,cs_portal_queue,cs_portal_queue_test,cs_orchestrator_queue,cs_orchestrator_queue_test,l2_topology_engine_queue,l2_topology_engine_queue_test,bng_svc_controller_queue,bng_svc_controller_queue_test,evpn_svc_controller_queue,evpn_svc_controller_queue_test,,
38,Delete the L3VPN Service - Success,Completed,,,EDTNABTFNG00-EDTNABTFNG001,EDTNABTFNG00-EDTNABTFNG001,EDTNABTFNG00,EDTNABTFNG001,,None,POST,/api/exchanges/%2F/consumer_rabbit_exchange/publish,{}.json,{}.json,200,POST,/api/queues/%2F/{}/get,read_rmq.json,200,cs_portal_queue,cs_portal_queue_test,cs_orchestrator_queue,cs_orchestrator_queue_test,l2_topology_engine_queue,l2_topology_engine_queue_test,bng_svc_controller_queue,bng_svc_controller_queue_test,evpn_svc_controller_queue,evpn_svc_controller_queue_test,,
39,Out of Scope,,,,,,EDTNABTFNG00,EDTNABTFNG001,,None,POST,/api/exchanges/%2F/consumer_rabbit_exchange/publish,{}.json,{}.json,200,POST,/api/queues/%2F/{}/get,read_rmq.json,200,cs_portal_queue,cs_portal_queue_test,cs_orchestrator_queue,cs_orchestrator_queue_test,l2_topology_engine_queue,l2_topology_engine_queue_test,bng_svc_controller_queue,bng_svc_controller_queue_test,evpn_svc_controller_queue,evpn_svc_controller_queue_test,,
40,Delete the L3VPN Service - Failed,,,,EDTNABTFNG66-EDTNABTFNG666,EDTNABTFNG66-EDTNABTFNG666,EDTNABTFNG00,EDTNABTFNG001,,None,POST,/api/exchanges/%2F/consumer_rabbit_exchange/publish,{}.json,{}.json,200,POST,/api/queues/%2F/{}/get,read_rmq.json,200,cs_portal_queue,cs_portal_queue_test,cs_orchestrator_queue,cs_orchestrator_queue_test,l2_topology_engine_queue,l2_topology_engine_queue_test,bng_svc_controller_queue,bng_svc_controller_queue_test,evpn_svc_controller_queue,evpn_svc_controller_queue_test,,
41,Delete Multicast Success,Completed,,,,CMCS_MCAST_L3,EDTNABTFNG00,EDTNABTFNG001,,None,POST,/api/exchanges/%2F/consumer_rabbit_exchange/publish,{}.json,{}.json,200,POST,/api/queues/%2F/{}/get,read_rmq.json,200,cs_portal_queue,cs_portal_queue_test,cs_orchestrator_queue,cs_orchestrator_queue_test,l2_topology_engine_queue,l2_topology_engine_queue_test,bng_svc_controller_queue,bng_svc_controller_queue_test,evpn_svc_controller_queue,evpn_svc_controller_queue_test,,
42,Delete Multicast Failed,,,,EDTNABTFNG00-EDTNABTFNG001,CMCS_MCAST_L3,EDTNABTFNG00,EDTNABTFNG001,,None,POST,/api/exchanges/%2F/consumer_rabbit_exchange/publish,{}.json,{}.json,200,POST,/api/queues/%2F/{}/get,read_rmq.json,200,cs_portal_queue,cs_portal_queue_test,cs_orchestrator_queue,cs_orchestrator_queue_test,l2_topology_engine_queue,l2_topology_engine_queue_test,bng_svc_controller_queue,bng_svc_controller_queue_test,evpn_svc_controller_queue,evpn_svc_controller_queue_test,,
43,Delete BNG group- Success,Completed,,,EDTNABTFNG00-EDTNABTFNG001,EDTNABTFNG00-EDTNABTFNG001,EDTNABTFNG00,EDTNABTFNG001,,None,POST,/api/exchanges/%2F/consumer_rabbit_exchange/publish,{}.json,{}.json,200,POST,/api/queues/%2F/{}/get,read_rmq.json,200,cs_portal_queue,cs_portal_queue_test,cs_orchestrator_queue,cs_orchestrator_queue_test,l2_topology_engine_queue,l2_topology_engine_queue_test,bng_svc_controller_queue,bng_svc_controller_queue_test,evpn_svc_controller_queue,evpn_svc_controller_queue_test,,
44,Delete BNG group- Failed,,,,EDTNABTFNG99-EDTNABTFNG999,EDTNABTFNG99-EDTNABTFNG999,EDTNABTFNG00,EDTNABTFNG001,,None,POST,/api/exchanges/%2F/consumer_rabbit_exchange/publish,{}.json,{}.json,200,POST,/api/queues/%2F/{}/get,read_rmq.json,200,cs_portal_queue,cs_portal_queue_test,cs_orchestrator_queue,cs_orchestrator_queue_test,l2_topology_engine_queue,l2_topology_engine_queue_test,bng_svc_controller_queue,bng_svc_controller_queue_test,evpn_svc_controller_queue,evpn_svc_controller_queue_test,,
45,Patch L3VPN Dry run - Failed,,,,,,,,,None,POST,/api/exchanges/%2F/consumer_rabbit_exchange/publish,{}.json,{}.json,200,POST,/api/queues/%2F/{}/get,read_rmq.json,200,cs_portal_queue,cs_portal_queue_test,cs_orchestrator_queue,cs_orchestrator_queue_test,l2_topology_engine_queue,l2_topology_engine_queue_test,bng_svc_controller_queue,bng_svc_controller_queue_test,evpn_svc_controller_queue,evpn_svc_controller_queue_test,,
46,Patch L3VPN Commit - Failed,,,,,,,,,None,POST,/api/exchanges/%2F/consumer_rabbit_exchange/publish,{}.json,{}.json,200,POST,/api/queues/%2F/{}/get,read_rmq.json,200,cs_portal_queue,cs_portal_queue_test,cs_orchestrator_queue,cs_orchestrator_queue_test,l2_topology_engine_queue,l2_topology_engine_queue_test,bng_svc_controller_queue,bng_svc_controller_queue_test,evpn_svc_controller_queue,evpn_svc_controller_queue_test,,
47,,,,,,,,,,,,,,,,,,,,,,,,,,,,,,,
48,,,,,,,,,,,,,,,,,,,,,,,,,,,,,,,
49,,,,,,,,,,,,,,,,,,,,,,,,,,,,,,,
50,,,,,,,,,,,,,,,,,,,,,,,,,,,,,,,
51,,,,,,,,,,,,,,,,,,,,,,,,,,,,,,,
52,,,,,,,,,,,,,,,,,,,,,,,,,,,,,,,
53,,,,,,,,,,,,,,,,,,,,,,,,,,,,,,,
54,,,,,,,,,,,,,,,,,,,,,,,,,,,,,,,
55,,,,,,,,,,,,,,,,,,,,,,,,,,,,,,,
56,,,,,,,,,,,,,,,,,,,,,,,,,,,,,,,
57,,,,,,,,,,,,,,,,,,,,,,,,,,,,,,,
58,,,,,,,,,,,,,,,,,,,,,,,,,,,,,,,
59,,,,,,,,,,,,,,,,,,,,,,,,,,,,,,,
60,,,,,,,,,,,,,,,,,,,,,,,,,,,,,,,
61,,,,,,,,,,,,,,,,,,,,,,,,,,,,,,,
62,,,,,,,,,,,,,,,,,,,,,,,,,,,,,,,
63,,,,,,,,,,,,,,,,,,,,,,,,,,,,,,,
64,,,,,,,,,,,,,,,,,,,,,,,,,,,,,,,
65,,,,,,,,,,,,,,,,,,,,,,,,,,,,,,,
66,,,,,,,,,,,,,,,,,,,,,,,,,,,,,,,
67,,,,,,,,,,,,,,,,,,,,,,,,,,,,,,,
68,,,,,,,,,,,,,,,,,,,,,,,,,,,,,,,
69,,,,,,,,,,,,,,,,,,,,,,,,,,,,,,,
70,,,,,,,,,,,,,,,,,,,,,,,,,,,,,,,
71,,,,,,,,,,,,,,,,,,,,,,,,,,,,,,,
72,,,,,,,,,,,,,,,,,,,,,,,,,,,,,,,
73,,,,,,,,,,,,,,,,,,,,,,,,,,,,,,,
74,,,,,,,,,,,,,,,,,,,,,,,,,,,,,,,
75,,,,,,,,,,,,,,,,,,,,,,,,,,,,,,,
76,,,,,,,,,,,,,,,,,,,,,,,,,,,,,,,
77,,,,,,,,,,,,,,,,,,,,,,,,,,,,,,,
78,,,,,,,,,,,,,,,,,,,,,,,,,,,,,,,
79,,,,,,,,,,,,,,,,,,,,,,,,,,,,,,,
80,,,,,,,,,,,,,,,,,,,,,,,,,,,,,,,
81,,,,,,,,,,,,,,,,,,,,,,,,,,,,,,,
82,,,,,,,,,,,,,,,,,,,,,,,,,,,,,,,
83,,,,,,,,,,,,,,,,,,,,,,,,,,,,,,,
84,,,,,,,,,,,,,,,,,,,,,,,,,,,,,,,
85,,,,,,,,,,,,,,,,,,,,,,,,,,,,,,,
86,,,,,,,,,,,,,,,,,,,,,,,,,,,,,,,
87,,,,,,,,,,,,,,,,,,,,,,,,,,,,,,,
88,,,,,,,,,,,,,,,,,,,,,,,,,,,,,,,
89,,,,,,,,,,,,,,,,,,,,,,,,,,,,,,,
90,,,,,,,,,,,,,,,,,,,,,,,,,,,,,,,
91,,,,,,,,,,,,,,,,,,,,,,,,,,,,,,,
92,,,,,,,,,,,,,,,,,,,,,,,,,,,,,,,
93,,,,,,,,,,,,,,,,,,,,,,,,,,,,,,,
94,,,,,,,,,,,,,,,,,,,,,,,,,,,,,,,
95,,,,,,,,,,,,,,,,,,,,,,,,,,,,,,,
96,,,,,,,,,,,,,,,,,,,,,,,,,,,,,,,
97,,,,,,,,,,,,,,,,,,,,,,,,,,,,,,,
98,,,,,,,,,,,,,,,,,,,,,,,,,,,,,,,
99,,,,,,,,,,,,,,,,,,,,,,,,,,,,,,,
100,Create the bng dry run success for delete bng failed,Completed,,,EDTNABTFNG11-EDTNABTFNG111,,EDTNABTFNG00,EDTNABTFNG001,,None,POST,/api/exchanges/%2F/consumer_rabbit_exchange/publish,{}.json,{}.json,200,POST,/api/queues/%2F/{}/get,read_rmq.json,200,cs_portal_queue,cs_portal_queue_test,cs_orchestrator_queue,cs_orchestrator_queue_test,l2_topology_engine_queue,l2_topology_engine_queue_test,bng_svc_controller_queue,bng_svc_controller_queue_test,evpn_svc_controller_queue,evpn_svc_controller_queue_test,,
101,Commit_bng_dry_run_success_for_delete_bng_failed,Completed,,,EDTNABTFNG11-EDTNABTFNG111,,EDTNABTFNG00,EDTNABTFNG001,,None,POST,/api/exchanges/%2F/consumer_rabbit_exchange/publish,{}.json,{}.json,200,POST,/api/queues/%2F/{}/get,read_rmq.json,200,cs_portal_queue,cs_portal_queue_test,cs_orchestrator_queue,cs_orchestrator_queue_test,l2_topology_engine_queue,l2_topology_engine_queue_test,bng_svc_controller_queue,bng_svc_controller_queue_test,evpn_svc_controller_queue,evpn_svc_controller_queue_test,bng-svc-controller/unlock-bngs/callback,UNLOCK
103,,Completed,,,EDTNABTFNG11-EDTNABTFNG111,,EDTNABTFNG00,EDTNABTFNG001,,None,POST,/api/exchanges/%2F/consumer_rabbit_exchange/publish,{}.json,{}.json,200,POST,/api/queues/%2F/{}/get,read_rmq.json,200,cs_portal_queue,cs_portal_queue_test,cs_orchestrator_queue,cs_orchestrator_queue_test,l2_topology_engine_queue,l2_topology_engine_queue_test,bng_svc_controller_queue,bng_svc_controller_queue_test,evpn_svc_controller_queue,evpn_svc_controller_queue_test,,
104,,Completed,,,EDTNABTFNG11-EDTNABTFNG111,,EDTNABTFNG00,EDTNABTFNG001,,None,POST,/api/exchanges/%2F/consumer_rabbit_exchange/publish,{}.json,{}.json,200,POST,/api/queues/%2F/{}/get,read_rmq.json,200,cs_portal_queue,cs_portal_queue_test,cs_orchestrator_queue,cs_orchestrator_queue_test,l2_topology_engine_queue,l2_topology_engine_queue_test,bng_svc_controller_queue,bng_svc_controller_queue_test,evpn_svc_controller_queue,evpn_svc_controller_queue_test,bng-svc-controller/commit/tp-creation/callback,CREATE
105,,Completed,,,EDTNABTFNG11-EDTNABTFNG111,,EDTNABTFNG00,EDTNABTFNG001,,None,POST,/api/exchanges/%2F/consumer_rabbit_exchange/publish,{}.json,{}.json,200,POST,/api/queues/%2F/{}/get,read_rmq.json,200,cs_portal_queue,cs_portal_queue_test,cs_orchestrator_queue,cs_orchestrator_queue_test,l2_topology_engine_queue,l2_topology_engine_queue_test,bng_svc_controller_queue,bng_svc_controller_queue_test,evpn_svc_controller_queue,evpn_svc_controller_queue_test,,
